<?xml version="1.0" encoding="UTF-8"?>
<project-private xmlns="http://www.netbeans.org/ns/project-private/1">
    <editor-bookmarks xmlns="http://www.netbeans.org/ns/editor-bookmarks/2" lastBookmarkId="0"/>
    <open-files xmlns="http://www.netbeans.org/ns/projectui-open-files/2">
        <group>
            <file>file:/C:/Users/cualq/OneDrive/Documentos/NetBeansProjects/SistemaGestionVentas/src/com/sistemagestionventas/Cliente.java</file>
            <file>file:/C:/Users/cualq/OneDrive/Documentos/NetBeansProjects/SistemaGestionVentas/src/com/sistemagestionventas/Stock.java</file>
            <file>file:/C:/Users/cualq/OneDrive/Documentos/NetBeansProjects/SistemaGestionVentas/src/com/sistemagestionventas/Deposito.java</file>
            <file>file:/C:/Users/cualq/OneDrive/Documentos/NetBeansProjects/SistemaGestionVentas/src/com/sistemagestionventas/VentaPedido.java</file>
            <file>file:/C:/Users/cualq/OneDrive/Documentos/NetBeansProjects/SistemaGestionVentas/src/com/sistemagestionventas/Main.java</file>
            <file>file:/C:/Users/cualq/OneDrive/Documentos/NetBeansProjects/SistemaGestionVentas/src/sistemagestionventas/SistemaGestionVentas.java</file>
            <file>file:/C:/Users/cualq/OneDrive/Documentos/NetBeansProjects/SistemaGestionVentas/src/com/sistemagestionventas/Usuario.java</file>
            <file>file:/C:/Users/cualq/OneDrive/Documentos/NetBeansProjects/SistemaGestionVentas/src/com/sistemagestionventas/BaseDatos.java</file>
            <file>file:/C:/Users/cualq/OneDrive/Documentos/NetBeansProjects/SistemaGestionVentas/src/com/sistemagestionventas/Producto.java</file>
            <file>file:/C:/Users/cualq/OneDrive/Documentos/NetBeansProjects/SistemaGestionVentas/src/com/sistemagestionventas/DetallesVentaPedido.java</file>
        </group>
    </open-files>
</project-private>
